<application>
  <component name="ProjectJdkTable">
    <jdk version="2">
      <name value="Python 2.7.6 (/usr/bin/python2.7)" />
      <type value="Python SDK" />
      <version value="Python 2.7.17" />
      <homePath value="/usr/bin/python2.7" />
      <roots>
        <classPath>
          <root type="composite">
            <root url="file:///usr/lib/python2.7" type="simple" />
            <root url="file:///usr/lib/python2.7/plat-x86_64-linux-gnu" type="simple" />
            <root url="file:///usr/lib/python2.7/lib-tk" type="simple" />
            <root url="file:///usr/lib/python2.7/lib-dynload" type="simple" />
            <root url="file://$USER_HOME$/.local/lib/python2.7/site-packages" type="simple" />
            <root url="file:///usr/local/lib/python2.7/dist-packages" type="simple" />
            <root url="file:///usr/lib/python2.7/dist-packages" type="simple" />
            <root url="file:///mnt/defis/defis" type="simple" />
            <root url="file:///usr/lib/python2.7/dist-packages/gtk-2.0" type="simple" />
            <root url="file://$USER_HOME$/programms/icservices" type="simple" />
            <root url="file:///usr/lib/python2.7/dist-packages/wx-3.0-gtk3" type="simple" />
            <root url="file://$USER_HOME$/.PyCharmCE2019.3/system/python_stubs/-1247972723" type="simple" />
            <root url="file://$APPLICATION_HOME_DIR$/plugins/python-ce/helpers/python-skeletons" type="simple" />
            <root url="file://$APPLICATION_HOME_DIR$/plugins/python-ce/helpers/typeshed/stdlib/2" type="simple" />
            <root url="file://$APPLICATION_HOME_DIR$/plugins/python-ce/helpers/typeshed/stdlib/2and3" type="simple" />
            <root url="file://$APPLICATION_HOME_DIR$/plugins/python-ce/helpers/typeshed/third_party/2" type="simple" />
            <root url="file://$APPLICATION_HOME_DIR$/plugins/python-ce/helpers/typeshed/third_party/2and3" type="simple" />
          </root>
        </classPath>
        <sourcePath>
          <root type="composite" />
        </sourcePath>
      </roots>
      <additional />
    </jdk>
    <jdk version="2">
      <name value="Python 3.6" />
      <type value="Python SDK" />
      <version value="Python 3.6.9" />
      <homePath value="/usr/bin/python3.6" />
      <roots>
        <classPath>
          <root type="composite">
            <root url="file:///usr/lib/python3.6" type="simple" />
            <root url="file:///usr/lib/python3.6/lib-dynload" type="simple" />
            <root url="file://$USER_HOME$/.local/lib/python3.6/site-packages" type="simple" />
            <root url="file://$USER_HOME$/dev/OLAP/olapy/src/xmla/xmla" type="simple" />
            <root url="file:///usr/local/lib/python3.6/dist-packages" type="simple" />
            <root url="jar:///usr/local/lib/python3.6/dist-packages/JayDeBeApi3-1.3.2-py3.6.egg!/" type="simple" />
            <root url="file:///usr/lib/python3/dist-packages" type="simple" />
            <root url="file:///mnt/defis/defis3" type="simple" />
            <root url="file://$USER_HOME$/.PyCharmCE2019.3/system/python_stubs/-1247971763" type="simple" />
            <root url="file://$APPLICATION_HOME_DIR$/plugins/python-ce/helpers/python-skeletons" type="simple" />
            <root url="file://$APPLICATION_HOME_DIR$/plugins/python-ce/helpers/typeshed/stdlib/3" type="simple" />
            <root url="file://$APPLICATION_HOME_DIR$/plugins/python-ce/helpers/typeshed/stdlib/2and3" type="simple" />
            <root url="file://$APPLICATION_HOME_DIR$/plugins/python-ce/helpers/typeshed/third_party/3" type="simple" />
            <root url="file://$APPLICATION_HOME_DIR$/plugins/python-ce/helpers/typeshed/third_party/2and3" type="simple" />
          </root>
        </classPath>
        <sourcePath>
          <root type="composite" />
        </sourcePath>
      </roots>
      <additional />
    </jdk>
  </component>
</application>